Participant._id_in_session,Participant.code,Participant.label,Participant._current_page,Participant._current_app_name,Participant._round_number,Participant._current_page_name,Participant.status,Participant.ip_address,Participant.time_started,Participant.exclude_from_data_analysis,Participant.name,Participant.visited,Participant.mturk_worker_id,Participant.mturk_assignment_id,Player.id_in_group,Player.role,Player.id,Player.payoff,Player.q_age,Player.q_gender,Player.q_estrato,Player.q_game_part,Player.q_part_time,Player.q_graduated,Player.q_career_1,Player.q_career_2,Player.q_postgraduate,Player.q_master_1,Player.q_master_2,Player.p_risk,Player.p_compet_1,Player.p_compet_2,Player.p_compet_3,Player.p_compet_4,Player.p_compet_5,Player.p_compet_6,Player.g_pref_stage,Player.g_pref_rk_1,Player.g_pref_rk_2,Player.g_pref_rk_3,Player.p_trust_1,Player.p_trust_2,Player.p_trust_3,Player.p_trust_4,Player.p_trust_5,Group.id,Subsession.id,Subsession.round_number,Session.code,Session.label,Session.experimenter_name,Session.real_world_currency_per_point,Session.time_scheduled,Session.time_started,Session.mturk_HITId,Session.mturk_HITGroupId,Session.participation_fee,Session.comment,Session.is_demo,Session.use_cli_bots
P10,k817s3qe,,121/121 pages,MLG_survey,1,Payment_info,Playing,10.142.28.175,2016-08-09 19:13:42.400206+00:00,0,24,1,,,10,,22,0,24,Hombre,4,NO,0,NO,Ingeniería Industria,Ingeniería Civil,NO,ninguna,ninguna,8,2,3,1,4,2,2,2,3,3,1,1,2,1,4,4,2,2,1,uopnajrp,,,200.00000,,,,,5000.00,,1,
P19,uxytcixx,,121/121 pages,MLG_survey,1,Payment_info,Playing,10.69.216.189,2016-08-09 19:15:07.581414+00:00,0,33,1,,,19,,31,0,18,Mujer,4,NO,0,NO,Ing. industrial,ninguna,SI,ninguna,ninguna,6,2,1,2,4,4,2,2,3,2,3,2,2,3,3,2,2,2,1,uopnajrp,,,200.00000,,,,,5000.00,,1,
P6,n1vlnuiu,,121/121 pages,MLG_survey,1,Payment_info,Playing,10.30.17.197,2016-08-09 19:12:01.040159+00:00,0,20,1,,,6,,18,0,21,Mujer,3,NO,0,NO,Derecho,Ninguna,NO,Ninguna,Ninguna,3,3,2,1,3,3,2,2,1,2,1,2,2,2,3,2,2,2,1,uopnajrp,,,200.00000,,,,,5000.00,,1,
P1,lqqbbi2s,,117/121 pages,MLG_survey,1,Game,Playing,10.137.144.23,2016-08-05 19:26:48.914710+00:00,0,3,1,,,1,,1,,,,,,,,,,,,,,,,,,,,,,,,,,,,,1,1,1,ntpyqyaq,,,200.00000,,,,,5000.00,,1,
P2,vtw9ck50,,116/121 pages,CPR_Game_T3,5,Results,Playing,10.93.189.130,2016-08-05 19:26:12.449298+00:00,0,4,1,,,2,,2,,,,,,,,,,,,,,,,,,,,,,,,,,,,,1,1,1,ntpyqyaq,,,200.00000,,,,,5000.00,,1,
P3,2yf78q4y,,116/121 pages,CPR_Game_T3,5,Results,Playing,10.170.185.250,2016-08-05 19:25:03.478904+00:00,0,5,1,,,3,,3,,,,,,,,,,,,,,,,,,,,,,,,,,,,,1,1,1,ntpyqyaq,,,200.00000,,,,,5000.00,,1,
P4,1wbfrb26,,116/121 pages,CPR_Game_T3,5,Results,Playing,10.97.206.141,2016-08-05 19:24:23.264551+00:00,0,6,1,,,4,,4,,,,,,,,,,,,,,,,,,,,,,,,,,,,,1,1,1,ntpyqyaq,,,200.00000,,,,,5000.00,,1,
P5,r2vr4xyc,,116/121 pages,CPR_Game_T3,5,Results,Playing,10.170.183.27,2016-08-05 19:23:37.579263+00:00,0,7,1,,,5,,5,,,,,,,,,,,,,,,,,,,,,,,,,,,,,1,1,1,ntpyqyaq,,,200.00000,,,,,5000.00,,1,
P3,pchuulj8,,121/121 pages,MLG_survey,1,Payment_info,Playing,10.63.227.88,2016-08-09 19:09:46.149641+00:00,0,17,1,,,3,,15,0,18,Hombre,4,NO,0,NO,ingenieria industria,ninguna,NO,ninguna,ninguna,7,3,3,4,3,2,2,2,1,2,3,2,2,3,3,2,2,2,1,uopnajrp,,,200.00000,,,,,5000.00,,1,
P12,fil8e0ov,,121/121 pages,MLG_survey,1,Payment_info,Playing,10.69.214.166,2016-08-05 19:13:23.066359+00:00,0,14,1,,,12,,12,0,14,Hombre,3,SI,2,SI,222,2,SI,2,2,2,1,1,2,3,4,3,2,1,3,2,3,2,2,3,2,1,1,1,ntpyqyaq,,,200.00000,,,,,5000.00,,1,
P4,40fnlxfi,,121/121 pages,MLG_survey,1,Payment_info,Playing,10.43.191.99,2016-08-09 19:10:44.601777+00:00,0,18,1,,,4,,16,0,22,Mujer,4,NO,0,NO,ingeniería Industria,ninguna,NO,ninguna,ninguna,4,3,3,1,3,3,2,2,1,3,1,2,1,1,3,2,2,2,1,uopnajrp,,,200.00000,,,,,5000.00,,1,
P5,bx6etp6t,,121/121 pages,MLG_survey,1,Payment_info,Playing,10.178.85.58,2016-08-09 19:11:27.045707+00:00,0,19,1,,,5,,17,0,23,Hombre,4,NO,0,NO,Ingeniería Mecánica,Ninguna,SI,Ingeniería Mecánica,Ninguna,8,2,3,1,4,2,2,3,1,2,1,2,3,3,3,2,2,2,1,uopnajrp,,,200.00000,,,,,5000.00,,1,
P18,cfvhcbqs,,121/121 pages,MLG_survey,1,Payment_info,Playing,10.61.152.141,2016-08-09 19:15:17.468650+00:00,0,32,1,,,18,,30,0,22,Mujer,3,NO,0,NO,Ingenieria Civil,ninguna,NO,ninguna,ninguna,9,3,3,1,3,3,2,2,1,2,3,2,2,2,3,2,2,2,1,uopnajrp,,,200.00000,,,,,5000.00,,1,
P11,78ilgajw,,121/121 pages,MLG_survey,1,Payment_info,Playing,10.43.152.216,2016-08-05 19:17:42.616194+00:00,0,13,1,,,11,,11,0,16,Mujer,5,SI,2,NO,3,3,SI,3,3,2,3,3,3,4,1,3,3,3,2,3,2,2,2,1,2,1,1,1,ntpyqyaq,,,200.00000,,,,,5000.00,,1,
P20,q8z2u78y,,121/121 pages,MLG_survey,1,Payment_info,Playing,10.152.55.197,2016-08-09 19:14:57.038397+00:00,0,34,1,,,20,,32,0,21,Hombre,3,SI,1,NO,Ingeniería Química,Microbiología,NO,No aplica,No aplica,5,1,1,1,2,1,3,1,1,1,1,4,1,2,1,4,2,2,1,uopnajrp,,,200.00000,,,,,5000.00,,1,
P12,p7w5tvwx,,121/121 pages,MLG_survey,1,Payment_info,Playing,10.165.96.2,2016-08-09 19:14:35.804216+00:00,0,26,1,,,12,,24,0,26,Hombre,6,NO,0,NO,Ingenieria Civil,ninguna,SI,ninguna,ninguna,7,2,3,1,3,3,3,2,1,3,1,2,2,1,3,2,2,2,1,uopnajrp,,,200.00000,,,,,5000.00,,1,
P10,ygzuap52,,121/121 pages,MLG_survey,1,Payment_info,Playing,10.93.189.130,2016-08-05 19:18:38.847825+00:00,0,12,1,,,10,,10,0,14,Hombre,4,SI,2,NO,2,2,SI,2,2,1,1,3,2,1,1,3,2,1,2,1,3,1,3,1,1,1,1,1,ntpyqyaq,,,200.00000,,,,,5000.00,,1,
P13,dj3geo8v,,121/121 pages,MLG_survey,1,Payment_info,Playing,10.13.198.97,2016-08-09 19:21:40.050152+00:00,0,27,1,,,13,,25,0,22,Hombre,4,NO,0,NO,Ingeniería Mecánica,ninguna,NO,ninguna,ninguna,9,2,3,1,4,2,2,2,3,2,3,3,1,2,2,3,2,2,1,uopnajrp,,,200.00000,,,,,5000.00,,1,
P17,lmwbwm9r,,121/121 pages,MLG_survey,1,Payment_info,Playing,10.63.227.88,2016-08-09 19:15:27.456846+00:00,0,31,1,,,17,,29,0,22,Hombre,4,NO,0,NO,Ciencia Politica,ninguna,NO,ninguna,ninguna,7,2,2,2,2,3,2,2,1,3,3,3,2,2,3,3,2,2,1,uopnajrp,,,200.00000,,,,,5000.00,,1,
P14,pak8rqgt,,121/121 pages,MLG_survey,1,Payment_info,Playing,10.43.211.163,2016-08-09 19:16:30.402393+00:00,0,28,1,,,14,,26,0,21,Mujer,4,NO,0,NO,Ingeniería Civil ,Ninguna,NO,Ninguna,Ninguna,7,2,2,1,1,1,1,3,1,2,3,2,1,2,3,1,2,2,1,uopnajrp,,,200.00000,,,,,5000.00,,1,
P9,ldpi3uce,,121/121 pages,MLG_survey,1,Payment_info,Playing,10.168.218.13,2016-08-05 19:20:16.163209+00:00,0,11,1,,,9,,9,0,16,Mujer,3,SI,1,SI,2,3,SI,3,4,5,1,3,1,2,2,3,2,1,1,1,2,1,1,1,2,1,1,1,ntpyqyaq,,,200.00000,,,,,5000.00,,1,
P8,3vzjst6h,,121/121 pages,MLG_survey,1,Payment_info,Playing,10.43.211.163,2016-08-05 19:20:29.442392+00:00,0,10,1,,,8,,8,0,16,Mujer,5,SI,3,NO,33,3,SI,33,3,4,1,3,3,1,1,3,2,1,1,1,2,2,2,2,1,1,1,1,ntpyqyaq,,,200.00000,,,,,5000.00,,1,
P7,7aufe3ja,,121/121 pages,MLG_survey,1,Payment_info,Playing,10.141.33.163,2016-08-05 19:21:25.707976+00:00,0,9,1,,,7,,7,0,17,Mujer,2,SI,6,SI,4,5,SI,5,5,3,2,4,3,2,2,3,1,2,2,1,2,1,1,4,2,1,1,1,ntpyqyaq,,,200.00000,,,,,5000.00,,1,
P6,d6vtkqgr,,121/121 pages,MLG_survey,1,Payment_info,Playing,10.152.55.197,2016-08-05 19:22:03.734766+00:00,0,8,1,,,6,,6,0,15,Mujer,2,NO,3,NO,d,d,SI,de,d,4,1,1,1,2,1,3,1,1,1,1,2,2,1,1,1,1,1,1,ntpyqyaq,,,200.00000,,,,,5000.00,,1,
P7,ux9ny0bn,,121/121 pages,MLG_survey,1,Payment_info,Playing,10.69.216.189,2016-08-09 19:13:01.422414+00:00,0,21,1,,,7,,19,0,20,Mujer,5,SI,1,NO,Derecho ,Psicología ,NO,ninguna,ninguna,3,3,3,2,3,3,2,1,1,2,3,3,1,4,2,4,2,2,1,uopnajrp,,,200.00000,,,,,5000.00,,1,
P9,1p4mbvk0,,121/121 pages,MLG_survey,1,Payment_info,Playing,10.149.116.169,2016-08-09 19:13:33.414855+00:00,0,23,1,,,9,,21,0,19,Hombre,4,SI,1,NO,Ingeniería Industria,ninguna,NO,ninguna,ninguna,3,3,1,2,3,2,2,1,1,2,1,3,2,3,3,2,2,2,1,uopnajrp,,,200.00000,,,,,5000.00,,1,
P8,l9chuk3h,,121/121 pages,MLG_survey,1,Payment_info,Playing,10.237.244.41,2016-08-09 19:12:51.335767+00:00,0,22,1,,,8,,20,0,24,Hombre,2,NO,0,SI,Matemáticas,ningun,SI,Maestría en Mat,NINGUNA,8,3,3,2,3,3,2,2,1,3,1,1,1,3,3,3,2,2,1,uopnajrp,,,200.00000,,,,,5000.00,,1,
P1,6fi813ri,,121/121 pages,MLG_survey,1,Payment_info,Playing,10.148.0.210,2016-08-09 19:08:06.012539+00:00,0,15,1,,,1,,13,0,22,Mujer,4,NO,0,NO,Biología ,Ninguna,NO,Ninguna,Ninguna,7,2,2,1,3,3,2,2,1,3,1,3,2,3,3,2,2,2,1,uopnajrp,,,200.00000,,,,,5000.00,,1,
P2,u822nmmr,,121/121 pages,MLG_survey,1,Payment_info,Playing,10.165.96.2,2016-08-09 19:09:09.440803+00:00,0,16,1,,,2,,14,0,21,Hombre,6,NO,0,NO,Ingeria civil,Ingenieria Ambiental,NO,ninguna,ninguna,6,3,3,2,3,1,2,2,1,2,3,2,2,3,3,2,2,2,1,uopnajrp,,,200.00000,,,,,5000.00,,1,
P16,1fhot1y2,,121/121 pages,MLG_survey,1,Payment_info,Playing,10.111.206.121,2016-08-09 19:15:51.009761+00:00,0,30,1,,,16,,28,0,22,Mujer,5,NO,0,NO,Ciencia Política,Gobierno y asuntos p,NO,NINGUNA,NINGUNA,8,2,2,2,3,2,2,3,1,3,2,3,1,2,2,2,2,2,1,uopnajrp,,,200.00000,,,,,5000.00,,1,
P11,nwovfl10,,121/121 pages,MLG_survey,1,Payment_info,Playing,10.236.24.103,2016-08-09 19:14:11.443016+00:00,0,25,1,,,11,,23,0,22,Mujer,5,NO,0,NO,Ingenieria Quimica,ninguna,NO,ninguna,ninguna,8,3,3,2,3,2,2,2,1,2,1,2,2,2,3,2,2,2,1,uopnajrp,,,200.00000,,,,,5000.00,,1,
P15,byiczgs6,,121/121 pages,MLG_survey,1,Payment_info,Playing,10.187.91.49,2016-08-09 19:16:08.751210+00:00,0,29,1,,,15,,27,0,18,Hombre,5,NO,0,NO,Ciencia Política,Derecho,NO,Ninguna,Ninguna,4,2,3,1,3,2,2,2,1,2,1,2,2,3,3,1,2,2,1,uopnajrp,,,200.00000,,,,,5000.00,,1,
P7,6ka3vdrx,,121/121 pages,MLG_survey,1,Payment_info,Playing,10.158.172.100,2016-08-09 22:06:15.709595+00:00,0,41,1,,,7,,39,0,20,Mujer,3,NO,0,NO,Economia,Ninguna,NO,ninguna,ninguna,6,1,2,2,3,2,2,2,3,2,1,3,3,2,3,3,3,3,1,zt62io3i,,,200.00000,,,,,5000.00,,1,
P9,6rza2p22,,121/121 pages,MLG_survey,1,Payment_info,Playing,10.142.28.175,2016-08-09 22:05:46.014145+00:00,0,43,1,,,9,,41,0,20,Hombre,4,SI,1,NO,Ing. Electrónica,Ing. Eléctrica,NO,ninguna,ninguna,7,3,2,2,3,1,2,2,3,2,1,2,2,3,3,2,3,3,1,zt62io3i,,,200.00000,,,,,5000.00,,1,
P2,pcf7gm29,,121/121 pages,MLG_survey,1,Payment_info,Playing,10.186.213.164,2016-08-09 22:10:35.221718+00:00,0,36,1,,,2,,34,0,19,Mujer,4,SI,1,NO,Matemáticas,ninguna,NO,ninguna,ninguna,7,2,2,1,3,2,2,2,2,2,2,3,2,3,2,2,3,3,1,zt62io3i,,,200.00000,,,,,5000.00,,1,
P12,aavgcaym,,121/121 pages,MLG_survey,1,Payment_info,Playing,10.51.167.27,2016-08-09 22:04:48.957997+00:00,0,46,1,,,12,,44,0,26,Hombre,4,NO,0,SI,Ingeniero de Minas,ninguna,SI,Maestría Ing Civil,ninguna,8,2,3,1,3,2,2,3,2,3,1,1,3,2,3,2,3,3,1,zt62io3i,,,200.00000,,,,,5000.00,,1,
P10,0rblqk8z,,121/121 pages,MLG_survey,1,Payment_info,Playing,10.93.189.130,2016-08-09 22:05:09.983129+00:00,0,44,1,,,10,,42,0,19,Hombre,3,NO,0,NO,ING. INDUSTRIAL,ING. SISTEMAS,NO,NINGUNA,NINGUNA,8,2,2,1,2,2,2,2,1,2,1,2,2,2,4,2,3,3,1,zt62io3i,,,200.00000,,,,,5000.00,,1,
P5,ui2o6507,,121/121 pages,MLG_survey,1,Payment_info,Playing,10.5.200.32,2016-08-09 22:04:59.226294+00:00,0,39,1,,,5,,37,0,26,Hombre,4,NO,0,NO,Ingenieria Industria,Ninguna,SI,ninguna,ninguna,8,1,3,2,3,2,2,2,3,2,1,2,2,2,3,2,3,3,1,zt62io3i,,,200.00000,,,,,5000.00,,1,
P3,nlbztv8j,,121/121 pages,MLG_survey,1,Payment_info,Playing,10.237.244.41,2016-08-09 22:06:01.585342+00:00,0,37,1,,,3,,35,0,18,Mujer,3,NO,0,NO,Ciencia política,ninguna,NO,ninguna,ninguna,5,3,2,2,2,1,2,2,1,2,1,1,3,2,3,2,3,3,1,zt62io3i,,,200.00000,,,,,5000.00,,1,
P1,39l6xjub,,121/121 pages,MLG_survey,1,Payment_info,Playing,10.61.152.141,2016-08-09 22:06:54.257638+00:00,0,35,1,,,1,,33,0,20,Hombre,3,SI,1,NO,Economí,Administración,NO,ninguna,ninguna,6,3,3,1,3,1,2,2,3,3,3,2,2,1,3,1,3,3,1,zt62io3i,,,200.00000,,,,,5000.00,,1,
P8,3w4yh997,,121/121 pages,MLG_survey,1,Payment_info,Playing,10.13.217.57,2016-08-09 22:06:06.530302+00:00,0,42,1,,,8,,40,0,19,Mujer,3,SI,3,NO,Psicología,Administración,NO,Ninguna,Ninguna,3,2,3,1,3,4,2,2,1,2,1,2,2,2,3,2,3,3,1,zt62io3i,,,200.00000,,,,,5000.00,,1,
P4,gjn6gq0v,,121/121 pages,MLG_survey,1,Payment_info,Playing,10.170.178.66,2016-08-09 22:05:30.571238+00:00,0,38,1,,,4,,36,0,21,Hombre,3,SI,1,NO,Medicina,Psicología,NO,Ninguna,Niguna,6,2,2,2,3,1,2,2,3,3,1,1,2,1,4,3,3,3,1,zt62io3i,,,200.00000,,,,,5000.00,,1,
P3,zbhrt3yc,,121/121 pages,MLG_survey,1,Payment_info,Playing,10.79.185.47,2016-08-16 22:20:33.288391+00:00,0,61,1,,,3,,59,0,20,Mujer,5,SI,1,NO,Ingeniería Civil ,Ingeniería Ambiental,NO,ninguna,ninguna,6,2,2,1,3,2,3,2,1,2,1,3,1,2,3,1,5,5,1,bvnew5m2,,,200.00000,,,,,5000.00,,1,
P6,xz57rkvf,,121/121 pages,MLG_survey,1,Payment_info,Playing,10.81.228.101,2016-08-09 22:04:25.655661+00:00,0,40,1,,,6,,38,0,22,Mujer,4,SI,1,NO,Biologia,Microbiologia,NO,ninguna,ninguna,6,3,3,1,3,3,1,2,1,3,1,2,2,3,3,2,3,3,1,zt62io3i,,,200.00000,,,,,5000.00,,1,
P11,52oux9ov,,121/121 pages,MLG_survey,1,Payment_info,Playing,10.51.193.29,2016-08-09 22:04:58.893949+00:00,0,45,1,,,11,,43,0,19,Mujer,3,NO,0,NO,Ingeniería química,Ninguna,NO,Ninguna,Ninguna,4,3,3,1,4,3,2,2,3,2,1,2,2,2,3,1,3,3,1,zt62io3i,,,200.00000,,,,,5000.00,,1,
P12,5nqrxmba,,121/121 pages,MLG_survey,1,Payment_info,Playing,10.237.244.41,2016-08-17 19:02:51.463121+00:00,0,90,1,,,12,,88,0,23,Mujer,5,NO,0,NO,Ingenieria Industria,Ninguna,NO,Ninguna,Ninguna,6,3,3,2,4,1,2,2,2,1,3,3,1,4,2,3,6,6,1,toa1clbi,,,200.00000,,,,,5000.00,,1,
P7,2njbmwtf,,121/121 pages,MLG_survey,1,Payment_info,Playing,10.111.206.121,2016-08-17 19:05:29.056666+00:00,0,85,1,,,7,,83,0,20,Hombre,5,NO,0,NO,Ing. Mecanica,ninguna,NO,ninguna,ninguna,7,3,3,2,3,3,2,1,1,2,1,2,2,2,3,3,6,6,1,toa1clbi,,,200.00000,,,,,5000.00,,1,
P16,mitz5qa2,,121/121 pages,MLG_survey,1,Payment_info,Playing,10.30.50.142,2016-08-16 22:13:55.815439+00:00,0,74,1,,,16,,72,0,19,Mujer,3,SI,1,NO,Ingenieria civil,ninguna,NO,ninguna,ninguna,3,2,3,2,3,1,2,2,1,2,1,2,2,2,3,2,5,5,1,bvnew5m2,,,200.00000,,,,,5000.00,,1,
P4,iariod1b,,121/121 pages,MLG_survey,1,Payment_info,Playing,10.179.164.130,2016-08-17 19:06:43.837012+00:00,0,82,1,,,4,,80,0,19,Hombre,5,NO,0,NO,Derecho,Historia,NO,ninguna,ninguna,9,1,3,1,2,3,2,1,1,1,1,2,2,1,4,2,6,6,1,toa1clbi,,,200.00000,,,,,5000.00,,1,
P18,2q7k3g9x,,121/121 pages,MLG_survey,1,Payment_info,Playing,10.30.17.197,2016-08-16 22:12:58.017202+00:00,0,76,1,,,18,,74,0,19,Hombre,3,NO,0,NO,Biología,Ninguna,NO,Ninguna,Ninguna,7,3,4,1,3,1,2,2,3,3,1,3,2,2,3,2,5,5,1,bvnew5m2,,,200.00000,,,,,5000.00,,1,
P10,wwh9j9q5,,121/121 pages,MLG_survey,1,Payment_info,Playing,10.146.193.23,2016-08-17 19:03:39.596168+00:00,0,88,1,,,10,,86,0,22,Mujer,3,NO,0,NO,Ingeniería Química,ninguna,NO,ninguna,ninguna,7,3,3,1,3,3,2,3,1,2,3,2,2,2,3,2,6,6,1,toa1clbi,,,200.00000,,,,,5000.00,,1,
P1,scjxfhzi,,121/121 pages,MLG_survey,1,Payment_info,Playing,10.170.178.66,2016-08-17 19:08:45.304727+00:00,0,79,1,,,1,,77,0,18,Hombre,5,NO,0,NO,ninguna,ninguna,NO,ninguna,ninguna,8,2,3,1,3,2,2,3,2,1,3,2,2,3,4,3,6,6,1,toa1clbi,,,200.00000,,,,,5000.00,,1,
P11,crz4fq8h,,121/121 pages,MLG_survey,1,Payment_info,Playing,10.237.244.41,2016-08-16 22:17:03.787727+00:00,0,69,1,,,11,,67,0,19,Hombre,4,NO,0,NO,Ingeniería Química,Ingeniería Ambiental,NO,ninguna,ninguna,8,3,2,1,1,2,2,2,1,2,3,2,3,1,3,1,5,5,1,bvnew5m2,,,200.00000,,,,,5000.00,,1,
P11,f280m8m4,,121/121 pages,MLG_survey,1,Payment_info,Playing,10.142.28.175,2016-08-17 19:03:14.552241+00:00,0,89,1,,,11,,87,0,20,Hombre,5,NO,0,NO,Derecho,Industrial,NO,ninguna,ninguna,10,1,4,2,3,1,2,3,1,1,1,2,1,2,3,3,6,6,1,toa1clbi,,,200.00000,,,,,5000.00,,1,
P17,qkte6tvp,,121/121 pages,MLG_survey,1,Payment_info,Playing,10.164.188.200,2016-08-16 22:13:24.402613+00:00,0,75,1,,,17,,73,0,18,Mujer,2,NO,0,NO,ingenieria Quimica,ninguna,NO,ninguna,ninguna,8,2,2,2,1,1,2,2,1,2,3,2,2,1,3,1,5,5,1,bvnew5m2,,,200.00000,,,,,5000.00,,1,
P3,nopua2wp,,121/121 pages,MLG_survey,1,Payment_info,Playing,10.184.171.93,2016-08-17 19:08:05.645207+00:00,0,81,1,,,3,,79,0,18,Hombre,5,NO,0,NO,Economía,ninguna,NO,ninguna,ninguna,5,3,3,1,2,1,2,1,3,1,1,2,2,3,4,2,6,6,1,toa1clbi,,,200.00000,,,,,5000.00,,1,
P6,n12v9g09,,121/121 pages,MLG_survey,1,Payment_info,Playing,10.65.61.198,2016-08-16 22:19:20.647703+00:00,0,64,1,,,6,,62,0,20,Hombre,3,NO,0,NO,Ingeniería Eléctrica,ninguna,NO,ninguna,ninguna,4,1,3,2,2,1,2,1,2,1,2,2,1,1,3,1,5,5,1,bvnew5m2,,,200.00000,,,,,5000.00,,1,
P10,zsd957pj,,121/121 pages,MLG_survey,1,Payment_info,Playing,10.165.96.2,2016-08-16 22:17:29.922747+00:00,0,68,1,,,10,,66,0,24,Mujer,4,NO,0,SI,ingenieria Quimica,Microbiologia,SI,Ingenieria quimica,ninguna,8,3,3,1,3,3,2,2,3,2,1,3,2,3,3,4,5,5,1,bvnew5m2,,,200.00000,,,,,5000.00,,1,
P4,gp60ys17,,121/121 pages,MLG_survey,1,Payment_info,Playing,10.30.50.142,2016-08-16 22:20:04.611630+00:00,0,62,1,,,4,,60,0,18,Mujer,3,SI,1,NO,Economía,Ninguna,NO,Ninguna,Ninguna,5,3,2,2,2,2,2,3,1,3,1,2,2,2,3,2,5,5,1,bvnew5m2,,,200.00000,,,,,5000.00,,1,
P8,04i0e3tc,,121/121 pages,MLG_survey,1,Payment_info,Playing,10.164.188.200,2016-08-16 22:18:28.801257+00:00,0,66,1,,,8,,64,0,22,Hombre,4,NO,0,NO,Psicologia,ninguna,NO,ninguna, ninguna,7,1,1,2,1,1,3,2,1,3,1,2,2,4,3,1,5,5,1,bvnew5m2,,,200.00000,,,,,5000.00,,1,
P20,o8kuwvob,,121/121 pages,MLG_survey,1,Payment_info,Playing,10.81.228.101,2016-08-16 22:12:10.045511+00:00,0,78,1,,,20,,76,0,19,Hombre,3,SI,1,NO,Economía,Gobierno,NO,ninguna,ninguna,4,3,3,2,2,1,2,2,1,2,1,2,2,2,3,2,5,5,1,bvnew5m2,,,200.00000,,,,,5000.00,,1,
P13,jtg3crtq,,121/121 pages,MLG_survey,1,Payment_info,Playing,10.111.201.32,2016-08-16 22:15:39.902576+00:00,0,71,1,,,13,,69,0,19,Mujer,4,NO,0,NO,derecho,sociologia ,NO,ninguna,ninguna ,4,3,3,1,3,3,2,3,2,2,2,1,1,2,2,2,5,5,1,bvnew5m2,,,200.00000,,,,,5000.00,,1,
P15,ybhs2ly6,,121/121 pages,MLG_survey,1,Payment_info,Playing,10.69.216.189,2016-08-16 22:14:30.468073+00:00,0,73,1,,,15,,71,0,20,Mujer,5,NO,0,NO,Ingenieria electroni,Ingenieria industria,SI,ninguna,ninguna,6,2,2,2,4,3,2,2,1,3,1,2,2,2,2,3,5,5,1,bvnew5m2,,,200.00000,,,,,5000.00,,1,
P19,06uknenq,,121/121 pages,MLG_survey,1,Payment_info,Playing,10.168.185.139,2016-08-16 22:12:34.691839+00:00,0,77,1,,,19,,75,0,22,Hombre,3,NO,0,NO,Arquitectura,Arte,NO,ninguna,ninguna,10,1,3,2,2,4,2,2,1,3,1,2,2,4,3,2,5,5,1,bvnew5m2,,,200.00000,,,,,5000.00,,1,
P12,de415sya,,121/121 pages,MLG_survey,1,Payment_info,Playing,10.13.220.50,2016-08-16 22:16:53.590970+00:00,0,70,1,,,12,,68,0,18,Hombre,3,SI,2,NO,Economía,Matemáticas,NO,ninguna,ninguna,1,1,1,2,1,3,3,1,1,2,3,3,1,2,1,3,5,5,1,bvnew5m2,,,200.00000,,,,,5000.00,,1,
P9,6mcqmn3a,,121/121 pages,MLG_survey,1,Payment_info,Playing,10.146.193.23,2016-08-16 22:17:59.042577+00:00,0,67,1,,,9,,65,0,23,Mujer,6,NO,0,NO,Derecho,Gobierno,NO,niguna,ninguna,6,3,3,1,3,2,2,2,1,2,1,2,1,2,3,2,5,5,1,bvnew5m2,,,200.00000,,,,,5000.00,,1,
P5,hpex9zmb,,121/121 pages,MLG_survey,1,Payment_info,Playing,10.69.216.189,2016-08-16 22:19:42.897996+00:00,0,63,1,,,5,,61,0,22,Hombre,3,SI,1,SI,Ingeniería Ambiental,ninguna,SI,Maestría en Ambienta,ninguna,4,3,3,1,4,3,1,3,1,2,1,2,2,2,4,2,5,5,1,bvnew5m2,,,200.00000,,,,,5000.00,,1,
P14,46dd8ux0,,121/121 pages,MLG_survey,1,Payment_info,Playing,10.43.152.216,2016-08-16 22:15:08.578762+00:00,0,72,1,,,14,,70,0,24,Hombre,6,SI,3,SI,Economia,Derecho,NO,ninguna,ninguna,8,3,3,1,3,1,2,2,2,2,3,1,3,1,3,1,5,5,1,bvnew5m2,,,200.00000,,,,,5000.00,,1,
P2,037yer7b,,121/121 pages,MLG_survey,1,Payment_info,Playing,10.158.172.100,2016-08-16 22:21:00.068518+00:00,0,60,1,,,2,,58,0,21,Mujer,4,SI,2,NO,Economia,Administración ,NO,ninguna,ninguna,7,3,3,1,4,1,1,2,3,3,1,3,1,2,4,2,5,5,1,bvnew5m2,,,200.00000,,,,,5000.00,,1,
P7,lnxg8m7n,,121/121 pages,MLG_survey,1,Payment_info,Playing,10.180.37.142,2016-08-16 22:18:56.456619+00:00,0,65,1,,,7,,63,0,21,Mujer,4,SI,1,NO,Ing ambiental,Ciencia politica ,NO,ninguna,ninguna,8,2,2,1,3,1,3,1,1,3,1,2,2,2,3,2,5,5,1,bvnew5m2,,,200.00000,,,,,5000.00,,1,
P1,u67r9rh9,,121/121 pages,MLG_survey,1,Payment_info,Playing,10.13.220.50,2016-08-16 22:21:25.226804+00:00,0,59,1,,,1,,57,0,22,Hombre,4,NO,0,NO,Ingeniería Mecánica,ninguna,NO,ninguna,ninguna,7,2,3,1,3,2,2,1,1,2,1,1,2,2,3,2,5,5,1,bvnew5m2,,,200.00000,,,,,5000.00,,1,
P5,u04mxnce,,121/121 pages,MLG_survey,1,Payment_info,Playing,10.178.85.58,2016-08-17 19:06:13.041217+00:00,0,83,1,,,5,,81,0,19,Hombre,3,NO,0,NO,Ingenieria Industria,ninguna,NO,ninguna,ninguna,9,3,4,1,4,1,1,1,2,3,1,2,2,1,3,1,6,6,1,toa1clbi,,,200.00000,,,,,5000.00,,1,
P2,dddm8emv,,121/121 pages,MLG_survey,1,Payment_info,Playing,10.69.216.189,2016-08-17 19:07:35.366849+00:00,0,80,1,,,2,,78,0,19,Hombre,4,NO,0,NO,Economía,Derecho,NO,Ninguna,Ninguna,9,3,4,1,1,2,3,2,2,2,2,3,1,2,2,3,6,6,1,toa1clbi,,,200.00000,,,,,5000.00,,1,
P6,y9ph9u5e,,121/121 pages,MLG_survey,1,Payment_info,Playing,10.111.206.121,2016-08-17 19:05:52.148749+00:00,0,84,1,,,6,,82,0,21,Hombre,5,NO,0,NO,Ing. Civil,ninguna,NO,ninguna,ninguna,8,2,3,2,3,1,2,2,3,1,1,2,2,3,3,3,6,6,1,toa1clbi,,,200.00000,,,,,5000.00,,1,
P8,17yer75u,,121/121 pages,MLG_survey,1,Payment_info,Playing,10.147.66.233,2016-08-17 19:05:05.761554+00:00,0,86,1,,,8,,84,0,18,Mujer,5,NO,0,NO,Economía,Ninguna,NO,Ninguna,Ninguna,8,2,2,2,4,1,2,2,2,3,3,2,1,2,3,3,6,6,1,toa1clbi,,,200.00000,,,,,5000.00,,1,
P9,9u8x35yl,,121/121 pages,MLG_survey,1,Payment_info,Playing,10.71.180.223,2016-08-17 19:04:11.505997+00:00,0,87,1,,,9,,85,0,20,Hombre,5,NO,0,NO,Economía,Ingenieria Industria,NO,ninguna,ninguna,6,2,2,1,2,4,2,2,2,2,1,2,2,2,3,3,6,6,1,toa1clbi,,,200.00000,,,,,5000.00,,1,
P5,984cv8rr,,121/121 pages,MLG_survey,1,Payment_info,Playing,10.79.185.47,2016-08-10 19:11:32.125463+00:00,0,51,1,,,5,,49,0,19,Hombre,5,NO,0,NO,Ingeniería Mecánica,Ingeniería Industria,NO,ninguna,ninguna,5,3,3,2,3,3,2,2,2,2,2,2,1,2,3,2,4,4,1,v9ts4npb,,,200.00000,,,,,5000.00,,1,
P2,pvu0swb2,,121/121 pages,MLG_survey,1,Payment_info,Playing,10.30.50.142,2016-08-10 19:12:19.402074+00:00,0,48,1,,,2,,46,0,19,Mujer,5,NO,0,NO,ADMINISTRACIÓN,ECONOMÍA,NO,NINGUNA,NINGUNA,5,4,3,1,3,3,2,1,3,1,1,2,3,2,3,1,4,4,1,v9ts4npb,,,200.00000,,,,,5000.00,,1,
P3,wnucflbt,,121/121 pages,MLG_survey,1,Payment_info,Playing,10.13.220.50,2016-08-10 19:12:06.431146+00:00,0,49,1,,,3,,47,0,18,Mujer,3,NO,0,NO,INGENIERIA CIVIL,ninguna,NO,ninguna,ninguna,8,3,3,1,2,1,2,1,3,3,3,2,2,2,3,3,4,4,1,v9ts4npb,,,200.00000,,,,,5000.00,,1,
P11,r2x1bb66,,121/121 pages,MLG_survey,1,Payment_info,Playing,10.170.178.66,2016-08-10 19:08:07.145072+00:00,0,57,1,,,11,,55,0,18,Hombre,2,NO,0,NO,ingenieria sistemas,ingenieria electroni,NO,ninguna,ninguna,8,2,3,1,1,1,2,3,1,3,3,1,3,1,4,1,4,4,1,v9ts4npb,,,200.00000,,,,,5000.00,,1,
P12,kb9fx3mt,,121/121 pages,MLG_survey,1,Payment_info,Playing,10.69.223.235,2016-08-10 19:07:25.428270+00:00,0,58,1,,,12,,56,0,20,Mujer,4,NO,0,NO,Ingeniería química,ninguna,NO,ninguna,ninguna,7,3,3,1,3,3,1,2,2,1,3,3,2,3,3,2,4,4,1,v9ts4npb,,,200.00000,,,,,5000.00,,1,
P9,kgtg9egd,,121/121 pages,MLG_survey,1,Payment_info,Playing,10.97.202.144,2016-08-10 19:09:17.584794+00:00,0,55,1,,,9,,53,0,21,Hombre,5,NO,0,NO,derecho,antropologia,NO,ninguna,ninguna,7,3,3,1,3,2,2,2,2,3,3,2,2,1,2,1,4,4,1,v9ts4npb,,,200.00000,,,,,5000.00,,1,
P4,k8h3ku3s,,121/121 pages,MLG_survey,1,Payment_info,Playing,10.158.172.100,2016-08-10 19:11:44.113889+00:00,0,50,1,,,4,,48,0,21,Hombre,3,NO,0,NO,ingeniería química,ninguna,NO,ninguna,ninguna,6,3,3,1,3,2,2,3,2,3,2,2,1,2,3,3,4,4,1,v9ts4npb,,,200.00000,,,,,5000.00,,1,
P12,oepqs82z,,121/121 pages,MLG_survey,1,Payment_info,Playing,10.79.185.235,2016-08-22 20:40:15.468603+00:00,0,114,1,,,12,,112,0,21,Mujer,4,NO,0,SI,Ciencia Política ,Ninguna ,SI,M Políticas Públicas,Ninguna ,3,2,2,2,3,1,2,3,3,1,1,2,2,4,3,2,8,8,1,87jj0zzd,,,200.00000,,,,,5000.00,,1,
P11,w8txiz3u,,121/121 pages,MLG_survey,1,Payment_info,Playing,10.111.206.121,2016-08-22 17:37:54.880974+00:00,0,101,1,,,11,,99,0,22,Mujer,4,NO,0,SI,Ingeniería Industria,Economía,NO,ninguna,ninguna,6,3,3,1,2,3,2,3,1,2,1,2,2,3,3,3,7,7,1,2t6cux37,,,200.00000,,,,,5000.00,,1,
P10,bkdkazck,,121/121 pages,MLG_survey,1,Payment_info,Playing,10.152.73.88,2016-08-22 17:38:06.930981+00:00,0,100,1,,,10,,98,0,21,Hombre,5,NO,0,NO,economía,derecho,NO,ninguna,ninguna,7,2,2,3,2,3,3,2,1,3,1,2,2,3,2,3,7,7,1,2t6cux37,,,200.00000,,,,,5000.00,,1,
P3,t8zbe5wq,,121/121 pages,MLG_survey,1,Payment_info,Playing,10.142.28.175,2016-08-22 20:42:49.610441+00:00,0,105,1,,,3,,103,0,23,Hombre,4,SI,1,NO,Ingeniería Mecánica,Ninguna,NO,Ninguna,Ninguna,8,2,3,1,2,3,2,1,1,1,1,1,3,3,2,2,8,8,1,87jj0zzd,,,200.00000,,,,,5000.00,,1,
P1,ay7ycy58,,121/121 pages,MLG_survey,1,Payment_info,Playing,10.165.96.2,2016-08-22 20:42:00.004499+00:00,0,103,1,,,1,,101,0,18,Hombre,3,NO,0,NO,ingeniería química,ninguna,NO,ninguna,ninguna,10,1,1,2,3,3,3,2,1,1,1,2,2,2,2,3,8,8,1,87jj0zzd,,,200.00000,,,,,5000.00,,1,
P5,ee6dngxr,,121/121 pages,MLG_survey,1,Payment_info,Playing,10.93.189.130,2016-08-22 17:39:05.178238+00:00,0,95,1,,,5,,93,0,19,Hombre,3,NO,0,NO,Ingenieria civil,ninugna,NO,ninguna,nignuna,6,2,2,2,2,2,2,1,3,3,3,2,3,2,4,2,7,7,1,2t6cux37,,,200.00000,,,,,5000.00,,1,
P4,ngpbmulp,,121/121 pages,MLG_survey,1,Payment_info,Playing,10.95.237.20,2016-08-22 17:39:17.156757+00:00,0,94,1,,,4,,92,0,35,Mujer,4,SI,2,SI,Economia,Ninguna,SI,Doctorado Economia,Maestria Economia,3,3,3,2,3,2,2,2,1,2,1,1,2,2,3,2,7,7,1,2t6cux37,,,200.00000,,,,,5000.00,,1,
P2,e6y02dnh,,121/121 pages,MLG_survey,1,Payment_info,Playing,10.137.144.23,2016-08-22 20:42:22.597141+00:00,0,104,1,,,2,,102,0,19,Mujer,5,SI,1,NO,Estudios Dirigidos,ninguna,NO,ninguna,ninguna,6,2,1,1,3,1,2,3,1,1,1,2,2,3,3,2,8,8,1,87jj0zzd,,,200.00000,,,,,5000.00,,1,
P7,nvddjmq8,,121/121 pages,MLG_survey,1,Payment_info,Playing,10.79.185.47,2016-08-10 19:11:07.714442+00:00,0,53,1,,,7,,51,0,22,Mujer,6,NO,0,NO,ninguna,ninguna,NO,ninguna,ninguna,8,1,1,2,4,1,2,1,3,1,1,2,2,1,2,2,4,4,1,v9ts4npb,,,200.00000,,,,,5000.00,,1,
P3,l739scml,,121/121 pages,MLG_survey,1,Payment_info,Playing,10.65.93.238,2016-08-22 17:39:16.840737+00:00,0,93,1,,,3,,91,0,20,Mujer,3,NO,0,NO,Ingeniería Civil,Ingeniería Ambiental,NO,ninguna,ninguna,6,2,3,1,3,2,2,3,1,2,1,2,2,2,3,3,7,7,1,2t6cux37,,,200.00000,,,,,5000.00,,1,
P9,9o9clpsq,,121/121 pages,MLG_survey,1,Payment_info,Playing,10.180.37.142,2016-08-22 17:38:18.596573+00:00,0,99,1,,,9,,97,0,22,Mujer,4,NO,0,NO,Derecho,ninguna,NO,ninguna,ninguna,4,3,3,1,2,2,2,2,3,2,1,3,1,3,4,3,7,7,1,2t6cux37,,,200.00000,,,,,5000.00,,1,
P6,bn37x6ch,,121/121 pages,MLG_survey,1,Payment_info,Playing,10.184.171.93,2016-08-10 19:11:18.286703+00:00,0,52,1,,,6,,50,0,19,Hombre,4,SI,1,NO,Ingeniería Química,Ingeniería Industria,NO,ninguna,ninguna,6,2,2,2,3,2,3,3,3,1,1,4,1,3,1,3,4,4,1,v9ts4npb,,,200.00000,,,,,5000.00,,1,
P10,1rjnh1o0,,121/121 pages,MLG_survey,1,Payment_info,Playing,10.186.213.164,2016-08-10 19:08:47.933151+00:00,0,56,1,,,10,,54,0,18,Mujer,2,NO,0,NO,Lenguajes y Estudios,Administración de Em,NO,Ninguna,Ninguna,8,2,2,1,1,1,2,2,3,1,1,2,2,2,3,1,4,4,1,v9ts4npb,,,200.00000,,,,,5000.00,,1,
P1,3uwqxd0w,,121/121 pages,MLG_survey,1,Payment_info,Playing,10.236.24.103,2016-08-10 19:12:40.077571+00:00,0,47,1,,,1,,45,0,20,Hombre,3,SI,2,SI,Economía,Administración,NO,Ninguna,Ninguna,8,3,2,1,3,1,2,2,2,1,3,2,2,1,3,2,4,4,1,v9ts4npb,,,200.00000,,,,,5000.00,,1,
P8,ctxijm5h,,121/121 pages,MLG_survey,1,Payment_info,Playing,10.170.191.118,2016-08-10 19:09:46.103158+00:00,0,54,1,,,8,,52,0,19,Mujer,6,NO,0,NO,ciencia politica,ninguna,NO,ninguna,ninguna,7,2,3,2,1,3,2,1,3,3,3,2,2,3,3,2,4,4,1,v9ts4npb,,,200.00000,,,,,5000.00,,1,
P1,tpmnllyw,,121/121 pages,MLG_survey,1,Payment_info,Playing,10.170.185.250,2016-08-22 17:38:34.927355+00:00,0,91,1,,,1,,89,0,20,Hombre,3,NO,0,NO,Ingeneria Industrial,ninguna,NO,ninguna,ninguna,3,3,2,1,1,1,2,2,1,2,1,3,1,2,2,2,7,7,1,2t6cux37,,,200.00000,,,,,5000.00,,1,
P7,z6185o9m,,121/121 pages,MLG_survey,1,Payment_info,Playing,10.93.183.121,2016-08-22 17:38:42.115072+00:00,0,97,1,,,7,,95,0,22,Hombre,4,SI,1,NO,Administracion,ninguna,NO,Ninguna ,Ninguna ,8,2,2,1,3,3,2,2,1,2,1,1,1,3,2,3,7,7,1,2t6cux37,,,200.00000,,,,,5000.00,,1,
P11,8jn8j1pe,,121/121 pages,MLG_survey,1,Payment_info,Playing,10.146.193.23,2016-08-22 20:41:40.679042+00:00,0,113,1,,,11,,111,0,20,Hombre,5,NO,0,NO,Biologia,ninguna,NO,ninguna,ninguna,5,1,1,1,3,1,1,2,2,3,2,2,1,2,3,1,8,8,1,87jj0zzd,,,200.00000,,,,,5000.00,,1,
P8,mihn323q,,121/121 pages,MLG_survey,1,Payment_info,Playing,10.63.227.88,2016-08-22 17:38:31.594973+00:00,0,98,1,,,8,,96,0,20,Hombre,4,NO,0,NO,Ingenieria Mecánica,ninguna,NO,ninguna,ninguna,6,3,3,1,3,2,2,1,3,2,1,2,2,2,2,3,7,7,1,2t6cux37,,,200.00000,,,,,5000.00,,1,
P6,2z3woarf,,121/121 pages,MLG_survey,1,Payment_info,Playing,10.179.98.230,2016-08-22 17:38:52.462263+00:00,0,96,1,,,6,,94,0,18,Hombre,3,NO,0,NO,Ingenieria Civil,ninguna,NO,ninguna,ninguna,8,3,3,2,3,2,2,1,3,2,3,2,2,3,3,1,7,7,1,2t6cux37,,,200.00000,,,,,5000.00,,1,
P2,24wb7l7g,,121/121 pages,MLG_survey,1,Payment_info,Playing,10.37.199.190,2016-08-22 17:38:46.764842+00:00,0,92,1,,,2,,90,0,19,Mujer,3,NO,0,NO,geociencias,ninguna,NO,ninguna,ninguna,8,3,2,1,4,4,3,3,3,2,1,2,1,2,3,3,7,7,1,2t6cux37,,,200.00000,,,,,5000.00,,1,
P12,0a2wbu80,,121/121 pages,MLG_survey,1,Payment_info,Playing,10.102.236.103,2016-08-22 17:37:41.508841+00:00,0,102,1,,,12,,100,0,19,Hombre,5,SI,1,SI,ISIS,ninguna,NO,ninguna,ninguna,8,1,1,2,2,2,3,2,2,3,2,3,2,3,3,1,7,7,1,2t6cux37,,,200.00000,,,,,5000.00,,1,
P4,obeq06vb,,121/121 pages,MLG_survey,1,Payment_info,Playing,10.71.223.81,2016-08-22 20:43:23.490163+00:00,0,106,1,,,4,,104,0,18,Hombre,6,NO,0,NO,Arquitectura,ninguna,NO,ninguna,ninguna,7,3,3,1,4,2,2,1,2,3,1,2,2,2,3,1,8,8,1,87jj0zzd,,,200.00000,,,,,5000.00,,1,
P7,uockqn1r,,121/121 pages,MLG_survey,1,Payment_info,Playing,10.141.33.163,2016-08-22 20:42:54.115953+00:00,0,109,1,,,7,,107,0,20,Hombre,4,NO,0,NO,Geociencias,Ingenieria Civil,NO,ninguna,ninguna,10,1,2,3,3,2,3,2,2,1,3,2,2,2,3,2,8,8,1,87jj0zzd,,,200.00000,,,,,5000.00,,1,
P9,imwh1cfw,,121/121 pages,MLG_survey,1,Payment_info,Playing,10.149.116.169,2016-08-22 20:42:07.752731+00:00,0,111,1,,,9,,109,0,19,Mujer,5,NO,0,NO,administracion,ninguna,NO,ninguna,ninguna,5,4,3,2,4,2,1,1,3,1,1,2,1,1,3,1,8,8,1,87jj0zzd,,,200.00000,,,,,5000.00,,1,
P6,sut5x5q7,,121/121 pages,MLG_survey,1,Payment_info,Playing,10.187.91.49,2016-08-22 20:43:27.421634+00:00,0,108,1,,,6,,106,0,18,Hombre,4,SI,1,NO,Ing. de sistemas,Ing. electronica,NO,Ninguna,Ninguna,7,3,3,1,3,3,2,3,2,3,2,2,2,1,3,2,8,8,1,87jj0zzd,,,200.00000,,,,,5000.00,,1,
P8,kwo4gowh,,121/121 pages,MLG_survey,1,Payment_info,Playing,10.179.236.35,2016-08-22 20:42:21.470152+00:00,0,110,1,,,8,,108,0,18,Mujer,3,NO,0,NO,Geociencias,ninguna,NO,ninguna,ninguna,4,2,2,2,3,2,3,3,2,3,1,2,3,3,4,2,8,8,1,87jj0zzd,,,200.00000,,,,,5000.00,,1,
P10,xy4akzet,,121/121 pages,MLG_survey,1,Payment_info,Playing,10.7.144.239,2016-08-22 20:41:55.692196+00:00,0,112,1,,,10,,110,0,23,Hombre,2,NO,0,NO,Ciencia Política,Ninguna,NO,Ninguna,Ninguna,7,2,3,2,2,1,3,3,3,3,3,1,3,4,3,2,8,8,1,87jj0zzd,,,200.00000,,,,,5000.00,,1,
P5,qoepfzh8,,121/121 pages,MLG_survey,1,Payment_info,Playing,10.138.145.240,2016-08-22 20:43:54.906389+00:00,0,107,1,,,5,,105,0,18,Mujer,3,SI,1,NO,Geociencias,ninguna,NO,ninguna,ninguna,8,3,2,1,3,2,2,1,1,2,3,2,2,1,3,1,8,8,1,87jj0zzd,,,200.00000,,,,,5000.00,,1,
P7,hrkdfdrf,,121/121 pages,MLG_survey,1,Payment_info,Playing,10.7.144.239,2016-08-23 20:43:04.257365+00:00,0,133,1,,,7,,131,0,25,Hombre,4,NO,0,NO,Ingenieria industria,ninguna,NO,ninguna,ninguna,3,3,2,1,4,1,2,2,1,2,2,3,1,1,2,2,10,10,1,gpvxa2h2,,,200.00000,,,,,5000.00,,1,
P10,ydsge81s,,121/121 pages,MLG_survey,1,Payment_info,Playing,10.33.196.195,2016-08-22 22:30:33.853887+00:00,0,124,1,,,10,,122,0,18,Mujer,5,NO,0,NO,Ing industrial,ninguna,NO,Ninguna ,Ninguna,7,3,3,1,2,3,2,2,1,2,3,1,2,1,4,1,9,9,1,m7yiq95t,,,200.00000,,,,,5000.00,,1,
P2,7s3nsihj,,121/121 pages,MLG_survey,1,Payment_info,Playing,10.184.171.93,2016-08-22 22:28:40.454912+00:00,0,116,1,,,2,,114,0,20,Mujer,3,NO,0,SI,Ingeniería química,Ninguna,NO,Ninguna,Ninguna,7,2,2,2,3,2,2,2,3,1,1,3,2,3,3,2,9,9,1,m7yiq95t,,,200.00000,,,,,5000.00,,1,
P4,ew6ke4d5,,121/121 pages,MLG_survey,1,Payment_info,Playing,10.180.37.142,2016-08-23 20:42:31.475425+00:00,0,130,1,,,4,,128,0,19,Mujer,4,NO,0,NO,Derecho,Ninguna,NO,Ninguna,Ninguna,8,3,4,1,4,1,2,2,1,2,1,2,2,1,3,2,10,10,1,gpvxa2h2,,,200.00000,,,,,5000.00,,1,
P6,skf3koob,,121/121 pages,MLG_survey,1,Payment_info,Playing,10.35.233.184,2016-08-22 22:29:38.557601+00:00,0,120,1,,,6,,118,0,18,Mujer,3,NO,0,NO,Ingeniería biomédica,Gobierno y asuntos p,NO,ninguna,ninguna,2,2,2,2,3,2,3,2,1,2,1,2,1,3,4,2,9,9,1,m7yiq95t,,,200.00000,,,,,5000.00,,1,
P4,3k9j4xgn,,121/121 pages,MLG_survey,1,Payment_info,Playing,10.138.145.240,2016-08-22 22:29:08.183207+00:00,0,118,1,,,4,,116,0,19,Hombre,5,SI,1,NO,Administración,Diseño,NO,ninguna,ninguna,8,3,3,1,3,1,1,3,1,3,1,2,2,2,3,2,9,9,1,m7yiq95t,,,200.00000,,,,,5000.00,,1,
P1,ut05vfix,,121/121 pages,MLG_survey,1,Payment_info,Playing,10.237.244.41,2016-08-22 22:28:31.035820+00:00,0,115,1,,,1,,113,0,18,Mujer,2,NO,0,NO,Ciencia Política,Gobierno y asuntos p,NO,ninguna,ninguna,3,3,3,1,3,1,1,1,2,1,3,1,3,3,3,1,9,9,1,m7yiq95t,,,200.00000,,,,,5000.00,,1,
P9,frno2noq,,121/121 pages,MLG_survey,1,Payment_info,Playing,10.142.28.175,2016-08-22 22:30:18.753979+00:00,0,123,1,,,9,,121,0,18,Hombre,3,SI,2,NO,ninguna,ninguna,NO,ninguna,ninguna,8,3,4,2,2,2,2,3,1,2,1,1,3,2,4,2,9,9,1,m7yiq95t,,,200.00000,,,,,5000.00,,1,
P7,f5j0x68s,,121/121 pages,MLG_survey,1,Payment_info,Playing,10.141.33.163,2016-08-22 22:28:37.829446+00:00,0,121,1,,,7,,119,0,18,Mujer,2,NO,0,NO,Medicina,Ninguna,NO,Ninguna,Ninguna,8,2,1,2,2,3,3,1,1,3,1,2,2,1,3,2,9,9,1,m7yiq95t,,,200.00000,,,,,5000.00,,1,
P8,ihne4spc,,121/121 pages,MLG_survey,1,Payment_info,Playing,10.184.171.93,2016-08-22 22:28:22.599381+00:00,0,122,1,,,8,,120,0,22,Mujer,5,NO,0,NO,Arte,ninguna,NO,ninguna,ninguna,8,2,2,2,3,2,2,1,3,2,1,3,2,3,3,3,9,9,1,m7yiq95t,,,200.00000,,,,,5000.00,,1,
P11,enoytqa1,,121/121 pages,MLG_survey,1,Payment_info,Playing,10.184.171.93,2016-08-22 22:30:29.823319+00:00,0,125,1,,,11,,123,0,19,Mujer,3,NO,0,NO,Ingeniería Industria,ninguna,NO,ninguna,ninguna,8,3,2,2,4,3,2,3,3,2,1,3,1,3,3,2,9,9,1,m7yiq95t,,,200.00000,,,,,5000.00,,1,
P18,8tnm590n,,121/121 pages,MLG_survey,1,Payment_info,Playing,10.102.236.103,2016-08-23 20:41:55.997256+00:00,0,144,1,,,18,,142,0,21,Hombre,3,NO,0,NO,Ingeniería Civil,Ingeniería Industria,NO,ninguna,ninguna,5,3,2,1,4,2,2,3,1,2,1,3,1,3,3,2,10,10,1,gpvxa2h2,,,200.00000,,,,,5000.00,,1,
P3,c7noh4z6,,121/121 pages,MLG_survey,1,Payment_info,Playing,10.13.200.15,2016-08-22 22:28:53.833365+00:00,0,117,1,,,3,,115,0,18,Hombre,3,NO,0,SI,Derecho,Ninguna,NO,Ninguna,Ninguna,8,3,2,1,2,2,2,2,1,3,1,1,2,2,4,1,9,9,1,m7yiq95t,,,200.00000,,,,,5000.00,,1,
P15,rkt6xp5j,,121/121 pages,MLG_survey,1,Payment_info,Playing,10.79.185.47,2016-08-23 20:43:30.182342+00:00,0,141,1,,,15,,139,0,21,Hombre,4,SI,2,NO,medicina,ninguna,NO,ninguna,ninguna,9,3,2,2,3,2,2,2,1,3,1,2,1,3,3,2,10,10,1,gpvxa2h2,,,200.00000,,,,,5000.00,,1,
P5,doui53it,,121/121 pages,MLG_survey,1,Payment_info,Playing,10.111.201.32,2016-08-22 22:29:19.633131+00:00,0,119,1,,,5,,117,0,20,Hombre,5,NO,0,NO,arte, ,NO,ninguna,ninguna,8,2,3,2,3,3,1,1,1,1,3,3,2,2,3,2,9,9,1,m7yiq95t,,,200.00000,,,,,5000.00,,1,
P8,mk1m96vd,,121/121 pages,MLG_survey,1,Payment_info,Playing,10.141.33.163,2016-08-23 20:43:20.742936+00:00,0,134,1,,,8,,132,0,18,Mujer,3,NO,0,NO,Lenguas y Cultura,ninguna,NO,ninguna,ninguna,7,2,3,1,2,2,2,2,3,2,3,2,2,2,3,1,10,10,1,gpvxa2h2,,,200.00000,,,,,5000.00,,1,
P12,t9kl2n8x,,121/121 pages,MLG_survey,1,Payment_info,Playing,10.13.220.50,2016-08-22 22:30:17.425605+00:00,0,126,1,,,12,,124,0,25,Hombre,3,SI,1,NO,ECONOMIA,ADMINISTRACION,NO,NINGUNA,NINGUNA,9,2,1,2,3,2,2,2,3,2,1,1,2,3,3,4,9,9,1,m7yiq95t,,,200.00000,,,,,5000.00,,1,
P5,j7jc2tzb,,121/121 pages,MLG_survey,1,Payment_info,Playing,10.102.236.103,2016-08-23 20:42:40.521625+00:00,0,131,1,,,5,,129,0,18,Mujer,3,NO,0,NO,Gobierno y Asuntos P,ninguna,NO,ninguna,ninguna,7,1,1,2,3,1,2,2,1,2,1,2,3,1,4,1,10,10,1,gpvxa2h2,,,200.00000,,,,,5000.00,,1,
P2,lfwjsi0p,,121/121 pages,MLG_survey,1,Payment_info,Playing,10.63.177.68,2016-08-23 20:42:01.887840+00:00,0,128,1,,,2,,126,0,20,Mujer,3,SI,2,NO,Administración ,ninguna,NO,ninguna,ninguna,8,3,2,2,3,2,3,1,1,2,1,3,1,3,2,2,10,10,1,gpvxa2h2,,,200.00000,,,,,5000.00,,1,
P14,x6hjqwpu,,121/121 pages,MLG_survey,1,Payment_info,Playing,10.97.206.141,2016-08-23 20:44:05.709212+00:00,0,140,1,,,14,,138,0,27,Hombre,4,SI,1,SI,Sociología,Ninguna,SI,Salud Pública,Políticas Públicas,8,2,3,2,2,3,2,1,1,3,1,3,2,4,3,2,10,10,1,gpvxa2h2,,,200.00000,,,,,5000.00,,1,
P20,qhet3425,,121/121 pages,MLG_survey,1,Payment_info,Playing,10.63.227.88,2016-08-23 20:41:03.411213+00:00,0,146,1,,,20,,144,0,19,Hombre,3,NO,0,NO,Ingeniera Industrial,Economia,NO,ninguna,ninguna,9,3,4,1,2,1,2,2,1,2,1,2,2,1,3,2,10,10,1,gpvxa2h2,,,200.00000,,,,,5000.00,,1,
P11,fj0yn4t1,,121/121 pages,MLG_survey,1,Payment_info,Playing,10.7.144.239,2016-08-23 20:40:26.468971+00:00,0,137,1,,,11,,135,0,19,Mujer,3,SI,1,NO,Biología,Microbiología,NO,ninguna,ninguna,2,3,4,1,4,1,1,1,2,2,2,2,3,3,3,1,10,10,1,gpvxa2h2,,,200.00000,,,,,5000.00,,1,
P19,w20ilvh2,,121/121 pages,MLG_survey,1,Payment_info,Playing,10.43.191.99,2016-08-23 20:41:31.600852+00:00,0,145,1,,,19,,143,0,20,Mujer,3,SI,1,NO,Psicología,Derecho,NO,Ninguna,Ninguna,6,1,1,2,2,3,3,2,2,2,1,2,3,3,2,2,10,10,1,gpvxa2h2,,,200.00000,,,,,5000.00,,1,
P10,3ln6dpky,,121/121 pages,MLG_survey,1,Payment_info,Playing,10.152.55.197,2016-08-23 20:43:50.738662+00:00,0,136,1,,,10,,134,0,18,Hombre,5,SI,1,NO,Sistemas,ninguna,NO,ninguna,ninguna,8,1,2,1,3,1,2,3,3,2,3,3,1,2,3,2,10,10,1,gpvxa2h2,,,200.00000,,,,,5000.00,,1,
P16,dgk8ziez,,121/121 pages,MLG_survey,1,Payment_info,Playing,10.61.152.141,2016-08-23 20:42:47.144547+00:00,0,142,1,,,16,,140,0,19,Hombre,5,NO,0,NO,ingeniería civil,ninguna,NO,ninguna,ninguna,8,4,4,1,3,2,2,1,1,2,1,2,2,3,3,2,10,10,1,gpvxa2h2,,,200.00000,,,,,5000.00,,1,
P13,b5bqirr4,,121/121 pages,MLG_survey,1,Payment_info,Playing,10.102.236.103,2016-08-23 20:44:41.986182+00:00,0,139,1,,,13,,137,0,21,Mujer,3,SI,1,NO,Ingeniería Mecánica,Ingeniería Mecánica,NO,ninguna,ninguna,7,3,3,1,4,2,2,2,3,3,3,2,1,3,3,2,10,10,1,gpvxa2h2,,,200.00000,,,,,5000.00,,1,
P9,vz4iabpn,,121/121 pages,MLG_survey,1,Payment_info,Playing,10.69.223.235,2016-08-23 20:43:40.062231+00:00,0,135,1,,,9,,133,0,24,Hombre,4,NO,0,SI,Ingeniería Civil,ninguna,SI,Maestría Ing. Civil,ninguna,6,2,2,1,3,4,3,3,2,2,1,2,2,2,3,2,10,10,1,gpvxa2h2,,,200.00000,,,,,5000.00,,1,
P3,4m9put4m,,121/121 pages,MLG_survey,1,Payment_info,Playing,10.102.236.103,2016-08-23 20:42:21.082267+00:00,0,129,1,,,3,,127,0,21,Mujer,4,SI,1,NO,ECONOMÍA,INGENIERÍA INDUSTRIA,NO,NINGUNA,NINGUNA,4,2,2,1,3,1,2,1,1,2,1,2,2,2,3,2,10,10,1,gpvxa2h2,,,200.00000,,,,,5000.00,,1,
P17,2iriluop,,121/121 pages,MLG_survey,1,Payment_info,Playing,10.111.206.121,2016-08-23 20:42:21.492861+00:00,0,143,1,,,17,,141,0,21,Hombre,4,SI,4,NO,Administracion,Psicologia,NO,ninguna,ninguna,8,3,3,2,3,3,3,2,3,3,3,2,2,2,4,2,10,10,1,gpvxa2h2,,,200.00000,,,,,5000.00,,1,
P1,uy1dwuyf,,121/121 pages,MLG_survey,1,Payment_info,Playing,10.63.230.27,2016-08-23 20:41:52.960077+00:00,0,127,1,,,1,,125,0,22,Hombre,4,SI,1,NO,Ingenieria Ambiental,Ninguna,NO,Ninguna,Ninguna,10,3,2,1,3,1,2,1,3,3,3,3,1,3,2,2,10,10,1,gpvxa2h2,,,200.00000,,,,,5000.00,,1,
P12,d1587s7v,,121/121 pages,MLG_survey,1,Payment_info,Playing,10.111.206.121,2016-08-23 20:45:05.646365+00:00,0,138,1,,,12,,136,0,20,Mujer,4,NO,0,NO,Diseño,ninguna,NO,ninguna,ninguna,10,2,3,1,4,2,3,3,1,2,3,2,3,3,3,2,10,10,1,gpvxa2h2,,,200.00000,,,,,5000.00,,1,
P6,ta6w1s09,,121/121 pages,MLG_survey,1,Payment_info,Playing,10.187.91.49,2016-08-23 20:42:54.060324+00:00,0,132,1,,,6,,130,0,20,Hombre,4,SI,3,NO,Ingenieria Biomedica,Ingeniería de Sistem,NO,ninguna,ninguna,3,2,2,1,3,3,2,3,1,3,1,2,2,3,3,2,10,10,1,gpvxa2h2,,,200.00000,,,,,5000.00,,1,
